Aotizhongxin,Changping,Dingling,Dongsi,Guanyuan,Gucheng,Huairou,Nongzhanguan,Shunyi,Tiantan,Wanliu,Wanshouxigong,Geral
83.58965587873823,72.2621594143961,67.30662905500706,87.31610669924659,83.4733185662505,84.32898813116074,72.04058739547216,85.77211963067042,80.42976896340217,82.65505549949546,83.83486551585709,84.21925641543746,80.60982234744317
75.10107194392909,65.49507692307692,61.185188968335034,78.43442421763142,75.25692027519223,76.4289801757613,64.63640657084188,76.35871059013743,72.82164484451718,74.72363265306122,77.28303263734037,78.45332249542776,73.02889380154748
80.85924551638837,68.20288520564763,63.648006610204504,83.70851715686275,79.92715447154471,81.34809455879356,65.17055785123966,82.63174862273006,76.08550185873607,79.05007156000818,80.24526657206569,83.55261538461538,77.06100300423323
81.17166083556288,69.09532939016928,63.604469507101086,83.30818012807272,80.77487168959146,83.06003292858612,67.81765190525232,82.66315359477125,78.16393612608876,79.92465277777778,81.8566781866233,83.12784289533211,77.89965223052148
82.0436793422405,71.0724560686555,65.39439868204283,84.03861162456357,82.40300306435138,83.24888029315962,71.46939575170137,82.91600737856119,80.38194358657607,80.91029981643892,82.00534705407587,84.01386442760598,79.17142004162544
85.6411273911274,73.62097759674134,68.18504635227731,91.14579382691144,87.53747454175152,86.79625506072874,72.29802874743326,88.67056170561706,82.39719967532469,86.45371312309257,87.16448823647697,88.35998374974609,83.1941587677725
90.86109416310758,77.90065266163573,72.36104417670683,95.18689153706322,91.13529530744337,91.65295786061589,73.86352558895207,94.82617124394184,86.04560227503555,91.36086868276841,91.11692739671079,93.34557932983448,87.47617586049884
82.77361082632765,71.09974336541265,65.98949686451802,86.19429678848283,82.93337203901532,83.85208902318554,69.62636686112984,84.83848298292484,79.49160200286961,82.16491115828656,83.37471599100398,85.02413582402235,79.79342813248583
